employee_id,name,department,role,performance_score,review_date,comments
EMP-101,Alice Johnson,Engineering,Software Engineer,4.2,2026-08-15,"Exceeds expectations on all projects. Strong technical skills and mentoring abilities."
EMP-102,Bob Smith,Human Resources,HR Specialist,3.8,2026-08-10,"Solid performance. Needs improvement in meeting deadlines for reports."
EMP-103,Charlie Brown,Product,Product Manager,4.5,2026-08-20,"Exceptional leadership and strategic thinking. Delivered all major projects on time."
EMP-104,Diana Prince,Design,UX Designer,4.0,2026-08-12,"Consistent quality work. Needs to improve collaboration with engineering team."
EMP-105,Eve White,Operations,Director of Operations,4.8,2026-08-25,"Outstanding leadership and operational excellence. Mentored several junior managers."
EMP-106,Frank Miller,Analytics,Data Scientist,4.3,2026-08-18,"Strong analytical capabilities and data visualization skills. Improved reporting accuracy by 30%."
EMP-107,Grace Lee,Marketing,Marketing Coordinator,3.5,2026-08-08,"Good work ethic but needs to improve communication with stakeholders."
EMP-108,Henry Wilson,Marketing,Marketing Director,4.6,2026-08-22,"Excellent strategic planning and team leadership. Increased marketing ROI by 25%."
EMP-109,Ivy Chen,Engineering,DevOps Engineer,4.4,2026-08-17,"Exceptional automation skills. Reduced deployment time by 40%."
EMP-110,Jack Taylor,Finance,Financial Analyst,3.9,2026-08-11,"Solid analytical work and attention to detail. Needs to improve presentation skills."
EMP-111,Kate Davis,Finance,Finance Director,4.7,2026-08-24,"Outstanding financial leadership and strategic decision-making. Improved budget accuracy by 15%."
EMP-112,Liam Anderson,Design,UX Researcher,4.1,2026-08-13,"Good research methodology but needs to improve report writing skills."
EMP-113,Mia Thomas,Design,Product Designer,4.3,2026-08-19,"Strong design skills and creativity. Needs to improve project timeline management."
EMP-114,Noah Jackson,Sales,Sales Executive,3.7,2026-08-09,"Meeting targets but needs improvement in customer relationship building."
EMP-115,Olivia White,Sales,Sales Director,4.5,2026-08-21,"Excellent sales leadership and team management. Exceeded quarterly targets by 20%."